country_code,country,year,eci,high_tech_exports,import_product_concentration,eci_score,high_tech_exports_score,import_product_concentration_score
BGD,Bangladesh,2015,-0.99801475,0.307867105131918,0.092061,0.0,0.0,0.7972742006256281
BGD,Bangladesh,2016,-0.9690648,0.242933626284075,0.089199,0.0,0.0,0.822593030333055
BGD,Bangladesh,2017,-0.5758568,0.426450633403232,0.087722,0.0,0.0,0.8356593865447495
BGD,Bangladesh,2018,-0.6227722,0.539452073551698,0.090481,0.0,0.0,0.8112517516171496
IDN,Indonesia,2015,0.27598578,8.88987824359938,0.079542,0.0798423956398383,0.036287738635012834,0.9080241758552846
IDN,Indonesia,2016,0.29074284,7.99860974921307,0.064946,0.09878519332412874,0.01676264127982061,1.0
IDN,Indonesia,2017,0.28145498,8.44632702628773,0.068446,0.08686289627444449,0.026570823076377297,1.0
IDN,Indonesia,2018,0.2933922,8.21299200751234,0.071942,0.10218602590682825,0.021459132282121113,0.9752579654347548
IDN,Indonesia,2019,0.31726372,8.09206094724751,0.061498,0.1328285369338549,0.0188098849006536,1.0
IDN,Indonesia,2020,0.2640292,8.4247469855579,0.051212,0.06449441467777449,0.026098067224652643,1.0
IDN,Indonesia,2021,0.2741781,7.20127970144306,0.061935,0.07752197974954994,0.0,1.0
IDN,Indonesia,2022,0.24071373,8.30819306709832,0.081555,0.03456567337536438,0.023544710273984963,0.8902160681679854
IDN,Indonesia,2023,0.27935642,9.08308687782522,0.07538,0.08416909429028605,0.04052037719105287,0.9448435222013051
IDN,Indonesia,2024,0.20705399,8.7110437578916,0.07442,0.0,0.032369995815757883,0.9533362114113434
IND,India,2015,0.6182398,8.02476917234515,0.166819,0.5191743938491766,0.017335718064904578,0.1359237214964119
IND,India,2016,0.6269978,7.66325704378624,0.147774,0.5304165397860379,0.009416040044583978,0.3044062902518084
IND,India,2017,0.62805194,7.36208114076572,0.157946,0.5317696792833982,0.0028181530278745533,0.21441917083044346
IND,India,2018,0.6816332,9.04145168835151,0.18441,0.6005488919347912,0.03960827143055942,0.0
IND,India,2019,0.6870199,10.2237396907979,0.175303,0.6074634920167836,0.06550875876410575,0.060869580602697974
IND,India,2020,0.6846238,11.0325638466576,0.13893,0.6043877548759623,0.08322774073851714,0.3826451895992867
IND,India,2021,0.6871918,10.2125596625118,0.168151,0.6076841502591388,0.06526383690038587,0.12414011521748368
IND,India,2022,0.72185946,12.6822794807287,0.189868,0.6521850514933798,0.11936820634063623,0.0
IND,India,2023,0.70575166,14.9343472986716,0.172111,0.6315083857795443,0.16870445425334585,0.08910777222607552
IND,India,2024,0.69117033,18.5723946411049,0.179858,0.6127911626905365,0.2484034776017691,0.020573539611318022
MYS,Malaysia,2015,0.9590299,48.4853806485296,0.148326,0.9566272413072145,0.9037098949812199,0.2995229939560361
MYS,Malaysia,2016,0.9520288,49.058669616671,0.148581,0.9476403278659542,0.9162689868666858,0.29726712338461986
MYS,Malaysia,2017,0.9385314,51.124071112731,0.164927,0.9303144840011233,0.9615159192357009,0.15266139648119587
MYS,Malaysia,2018,1.0012659,53.1812872322082,0.168318,1.0,1.0,0.12266274115698741
MYS,Malaysia,2019,1.0313848,51.5927774360365,0.160177,1.0,0.971783909915474,0.1946825149683646
MYS,Malaysia,2020,1.0393449,53.8128736631656,0.174605,1.0,1.0,0.06704447338249649
MYS,Malaysia,2021,1.0916097,51.6786836379514,0.182491,1.0,0.9736658646422123,0.0
MYS,Malaysia,2022,1.0838947,58.2818244031486,0.192798,1.0,1.0,0.0
MYS,Malaysia,2023,0.9484999,59.4155074421789,0.180954,0.9431104798645167,1.0,0.01087771942985744
MYS,Malaysia,2024,0.8637941,58.6276748543331,0.18482,0.8343784673846616,1.0,0.0
VNM,Viet Nam,2015,0.24271892,36.3691117529912,0.097146,0.037139621606825296,0.6382777258232968,0.7522894874662063
VNM,Viet Nam,2016,0.29445878,38.0569617054575,0.107966,0.10355513392387976,0.6752536032950488,0.6565698028280654
VNM,Viet Nam,2017,0.3771515,41.7381332957129,0.12345,0.2097030702285149,0.7558973533362691,0.5195898031111551
VNM,Viet Nam,2018,0.37815437,40.7501595675465,0.116362,0.21099039734608746,0.7342537259127465,0.5822941584452718
VNM,Viet Nam,2019,0.40259346,40.4334300320093,0.12931,0.24236146566580466,0.7273151040994771,0.4677490127248793
VNM,Viet Nam,2020,0.4468199,41.7401040421189,0.16495,0.2991324285280828,0.7559405266512488,0.15245792580220516
VNM,Viet Nam,2021,0.54811347,41.5396346544198,0.152091,0.4291572168822342,0.7515488261297848,0.26621572846041697
VNM,Viet Nam,2022,0.4726556,42.689178907016,0.14765,0.33229624558459836,0.7767319932532869,0.30550326260810484
VNM,Viet Nam,2023,0.5791509,44.256885251682,0.144364,0.4689981985635669,0.8110758741340227,0.3345730300499654
