country,country_code,year,connectivity_trade_score,connectivity_fdi_score,connectivity_internet_score,connectivity_score,connectivity_geometric
Bangladesh,BGD,2015,0.44,0.3,0.02,0.25333333333333335,0.1382084646002237
Bangladesh,BGD,2016,0.12,0.24,0.08,0.14666666666666667,0.13207708995578507
Bangladesh,BGD,2017,0.08,0.16,0.14,0.12666666666666668,0.12146355887502652
Bangladesh,BGD,2018,0.16,0.2,0.2,0.18666666666666668,0.18566355334451118
Bangladesh,BGD,2019,0.14,0.14,0.24,0.17333333333333334,0.16755437456480116
Bangladesh,BGD,2020,0.02,0.08,0.28,0.12666666666666668,0.07651724731089558
Bangladesh,BGD,2021,0.06,0.1,0.3,0.15333333333333332,0.12164403991146802
Bangladesh,BGD,2022,0.2,0.06,0.34,0.20000000000000004,0.15979139480908028
Bangladesh,BGD,2023,0.1,0.04,0.38,0.17333333333333334,0.11497794157889663
Bangladesh,BGD,2024,0.04,0.02,0.48,0.18000000000000002,0.07268482371328559
Indonesia,IDN,2015,0.42,0.62,0.16,0.39999999999999997,0.34667324116394044
Indonesia,IDN,2016,0.22,0.12,0.18,0.17333333333333334,0.16812235983932325
Indonesia,IDN,2017,0.28,0.56,0.26,0.3666666666666667,0.34417009795806597
Indonesia,IDN,2018,0.48,0.48,0.32,0.4266666666666667,0.4193186230734235
Indonesia,IDN,2019,0.24,0.6,0.42,0.42,0.3925279572226308
Indonesia,IDN,2020,0.18,0.46,0.5,0.38000000000000006,0.3459394683999698
Indonesia,IDN,2021,0.34,0.44,0.58,0.4533333333333333,0.4427105406425893
Indonesia,IDN,2022,0.54,0.5,0.62,0.5533333333333333,0.5511271650042684
Indonesia,IDN,2023,0.38,0.38,0.66,0.47333333333333333,0.4567764549171972
Indonesia,IDN,2024,0.46,0.4,0.74,0.5333333333333333,0.5144579082417231
India,IND,2015,0.4,0.58,0.04,0.34,0.21014351489971608
India,IND,2016,0.32,0.52,0.06,0.30000000000000004,0.2153285044834914
India,IND,2017,0.36,0.32,0.1,0.25999999999999995,0.22584864693144685
India,IND,2018,0.5,0.36,0.12,0.32666666666666666,0.27849533001676674
India,IND,2019,0.3,0.42,0.22,0.3133333333333333,0.30264330800559874
India,IND,2020,0.26,0.66,0.36,0.4266666666666667,0.3953119364716719
India,IND,2021,0.52,0.28,0.44,0.41333333333333333,0.4001332889135638
India,IND,2022,0.6,0.34,0.52,0.48666666666666664,0.4733813788872302
India,IND,2023,0.58,0.22,0.56,0.4533333333333333,0.41496636878476806
India,IND,2024,0.56,0.18,0.6,0.4466666666666666,0.3925279572226308
Malaysia,MYS,2015,0.7,0.72,0.72,0.7133333333333333,0.7132706343315756
Malaysia,MYS,2016,0.66,0.86,0.82,0.7799999999999999,0.7749709319655994
Malaysia,MYS,2017,0.74,0.7,0.84,0.7599999999999999,0.7577681521856634
Malaysia,MYS,2018,0.68,0.64,0.86,0.7266666666666667,0.7206578349936122
Malaysia,MYS,2019,0.64,0.68,0.9,0.7400000000000001,0.7316619419016669
Malaysia,MYS,2020,0.62,0.26,0.92,0.6,0.5293191685065458
Malaysia,MYS,2021,0.76,1.0,0.94,0.9,0.8939512074093399
Malaysia,MYS,2022,0.84,0.74,0.96,0.8466666666666667,0.8419004589665691
Malaysia,MYS,2023,0.72,0.54,0.98,0.7466666666666667,0.7249656741576329
Malaysia,MYS,2024,0.78,0.76,1.0,0.8466666666666667,0.8400453490256239
Viet Nam,VNM,2015,0.8,0.94,0.4,0.7133333333333334,0.6700274734408936
Viet Nam,VNM,2016,0.82,0.92,0.46,0.7333333333333334,0.7027267792806084
Viet Nam,VNM,2017,0.86,0.98,0.54,0.7933333333333333,0.7692002716113926
Viet Nam,VNM,2018,0.9,0.96,0.68,0.8466666666666667,0.8375438456290665
Viet Nam,VNM,2019,0.92,0.9,0.64,0.82,0.8092265135595528
Viet Nam,VNM,2020,0.88,0.88,0.7,0.82,0.8153694988571424
Viet Nam,VNM,2021,1.0,0.82,0.76,0.86,0.8541663956638706
Viet Nam,VNM,2022,0.98,0.84,0.8,0.8733333333333334,0.8700251016670805
Viet Nam,VNM,2023,0.94,0.8,0.78,0.84,0.8370874183748447
Viet Nam,VNM,2024,0.96,0.78,0.88,0.8733333333333334,0.87019416989941
