indicator,percentile,value
trade_openness,1,26.519695305853023
trade_openness,5,28.748081389610142
trade_openness,10,31.299032262198743
trade_openness,25,38.15745326457275
trade_openness,50,44.52002905821675
trade_openness,75,133.81578936103398
trade_openness,90,164.6679646014445
trade_openness,95,169.88490657398322
trade_openness,99,184.94994812921487
fdi_inflows,1,0.30927763200503205
fdi_inflows,5,0.3749149661828532
fdi_inflows,10,0.48004703963605044
fdi_inflows,25,1.2551087345208776
fdi_inflows,50,1.905002565529075
fdi_inflows,75,3.6910370838426774
fdi_inflows,90,4.829056677862646
fdi_inflows,95,4.968414237903403
fdi_inflows,99,5.217923259707757
internet_use,1,13.609087895399998
internet_use,5,16.6795947075
internet_use,10,19.893170110144563
internet_use,25,33.279129773016
internet_use,50,54.813247245
internet_use,75,73.8526887475
internet_use,90,84.7239316990453
internet_use,95,97.10739473
internet_use,99,97.85994491070001
