country,country_code,year,trade_openness,fdi_inflows,internet_use,connectivity_trade_score,connectivity_fdi_score,connectivity_internet_score
Bangladesh,BGD,2015,42.0859963070381,1.4507824552936,12.36880016,0.44,0.3,0.02
Bangladesh,BGD,2016,31.3341501346142,0.879528340271998,16.89909935,0.12,0.24,0.08
Bangladesh,BGD,2017,29.9997306724343,0.616341784631384,21.5,0.08,0.16,0.14
Bangladesh,BGD,2018,32.5146317240883,0.75354913412869,25.56509972,0.16,0.2,0.2
Bangladesh,BGD,2019,31.5780544912404,0.543244141585063,30.38310051,0.14,0.14,0.24
Bangladesh,BGD,2020,26.271447376215,0.407859894856915,36.10910034,0.02,0.08,0.28
Bangladesh,BGD,2021,27.724004703663105,0.414118154040593,38.91744466,0.06,0.1,0.3
Bangladesh,BGD,2022,33.7799672705735,0.347960024540439,41.61650085,0.2,0.06,0.34
Bangladesh,BGD,2023,30.9829714104596,0.335721505298968,44.50274195,0.1,0.04,0.38
Bangladesh,BGD,2024,26.7780758040477,0.283870773350074,53.42171316,0.04,0.02,0.48
Indonesia,IDN,2015,41.9376402415294,2.29761639380441,22.062742603379,0.42,0.62,0.16
Indonesia,IDN,2016,37.4213418023318,0.487372471368879,25.447353701827,0.22,0.12,0.18
Indonesia,IDN,2017,39.3554970704606,2.01948919812582,32.335806250688,0.28,0.56,0.26
Indonesia,IDN,2018,43.0743089552002,1.81428979349441,39.9046386385762,0.48,0.48,0.32
Indonesia,IDN,2019,37.627777535710806,2.23336204282241,47.6906489788375,0.24,0.6,0.42
Indonesia,IDN,2020,32.9721754002427,1.81058402027127,53.72649449,0.18,0.46,0.5
Indonesia,IDN,2021,40.20475827496711,1.7878556314554,62.10447842,0.34,0.44,0.58
Indonesia,IDN,2022,45.4646701959453,1.87264100861425,66.48461277,0.54,0.5,0.62
Indonesia,IDN,2023,41.4604765447233,1.57116966408747,69.20836554,0.38,0.38,0.66
Indonesia,IDN,2024,42.809937870822,1.73855290316368,72.78075544,0.46,0.4,0.74
India,IND,2015,41.9229138658647,2.09211521443253,14.89999962,0.4,0.58,0.04
India,IND,2016,40.082485713276,1.9373641224439,16.5,0.32,0.52,0.06
India,IND,2017,40.7424969545225,1.50731583255894,18.20000076,0.36,0.32,0.1
India,IND,2018,43.6169693323889,1.55821483801456,20.0813000379384,0.5,0.36,0.12
India,IND,2019,39.9054035306442,1.78482633957161,29.52350044,0.3,0.42,0.22
India,IND,2020,37.7581053292768,2.40620322673636,43.40544313,0.26,0.66,0.36
India,IND,2021,45.4230887840446,1.41217101040888,49.2580986,0.52,0.28,0.44
India,IND,2022,50.6979382758042,1.53665241748393,55.9,0.6,0.34,0.52
India,IND,2023,46.3229520582338,0.802254995836756,60.25230026,0.58,0.22,0.56
India,IND,2024,45.9166907678748,0.721648483526777,64.9434967,0.56,0.18,0.6
Malaysia,MYS,2015,131.37007244525978,3.27094402931735,71.0640678111957,0.7,0.72,0.72
Malaysia,MYS,2016,126.89901002569992,4.47130958598651,78.7883099275229,0.66,0.86,0.82
Malaysia,MYS,2017,133.1551733719561,2.9358203805856,80.1404790103961,0.74,0.7,0.84
Malaysia,MYS,2018,130.40262550212628,2.31458721219734,81.2010486181174,0.68,0.64,0.86
Malaysia,MYS,2019,123.02856202794293,2.50697705748044,84.1871450078281,0.64,0.68,0.9
Malaysia,MYS,2020,116.7881824376384,1.20275464255821,89.55501192,0.62,0.26,0.92
Malaysia,MYS,2021,134.0359946907266,5.41626377085161,96.7514278,0.76,1.0,0.94
Malaysia,MYS,2022,146.4246047539075,3.68486215546291,97.3986404,0.84,0.74,0.96
Malaysia,MYS,2023,132.5934616415994,1.97990062716743,97.69272633,0.72,0.54,0.98
Malaysia,MYS,2024,137.362571161559,3.6930953933026,98.0206059,0.78,0.76,1.0
Viet Nam,VNM,2015,144.9142281952372,4.93190773329022,45.0,0.8,0.94,0.4
Viet Nam,VNM,2016,145.4095079731181,4.90089302916746,53.0,0.82,0.92,0.46
Viet Nam,VNM,2017,160.9800836588696,5.01148721749681,58.1400000036297,0.86,0.98,0.54
Viet Nam,VNM,2018,164.663936775893,4.99828319622328,69.8479286837965,0.9,0.96,0.68
Viet Nam,VNM,2019,164.7042150314079,4.821074861051,68.6615802057338,0.92,0.9,0.64
Viet Nam,VNM,2020,163.2458628149349,4.55836196782424,70.30000012,0.88,0.88,0.7
Viet Nam,VNM,2021,186.6758328368143,4.27314566190187,74.20999985,1.0,0.82,0.76
Viet Nam,VNM,2022,183.1536191478359,4.32947308910883,78.58999918,0.98,0.84,0.8
Viet Nam,VNM,2023,164.9955854558755,4.26458856546888,78.08,0.94,0.8,0.78
Viet Nam,VNM,2024,173.8852602160714,4.23450755062236,84.15,0.96,0.78,0.88
