country,indicator,count,mean,std,minimum,median,maximum
Bangladesh,trade_openness,10,31.30490298943742,4.525908307815589,26.271447376215,31.1585607725369,42.0859963070381
Bangladesh,fdi_inflows,10,0.6032976207997724,0.35491761090855234,0.283870773350074,0.478681147812828,1.4507824552936
Bangladesh,internet_use,10,32.12836007,13.080731953278955,12.36880016,33.246100424999995,53.42171316
India,trade_openness,10,43.238904461193044,3.891742216433554,37.7581053292768,42.769941599126795,50.6979382758042
India,fdi_inflows,10,1.5758766481014244,0.5261837945977643,0.721648483526777,1.5474336277492449,2.40620322673636
India,internet_use,10,37.296413954793834,19.64510396498061,14.89999962,36.464471785,64.9434967
Indonesia,trade_openness,10,40.23285838919332,3.5696172218109914,32.9721754002427,40.832617409845206,45.4646701959453
Indonesia,fdi_inflows,10,1.7632933127208,0.5005549091305969,0.487372471368879,1.8124369068828399,2.29761639380441
Indonesia,internet_use,10,49.17458968333077,18.606613744896524,22.062742603379,50.708571734418754,72.78075544
Malaysia,trade_openness,10,131.2060258058416,8.00839104207415,116.7881824376384,131.98176704342958,146.4246047539075
Malaysia,fdi_inflows,10,3.147651485491,1.238079870878731,1.20275464255821,3.103382204951475,5.41626377085161
Malaysia,internet_use,10,87.47994627250601,9.73660690305042,71.0640678111957,86.87107846391405,98.0206059
Viet Nam,trade_openness,10,165.26281321060577,13.680137819453947,144.9142281952372,164.68407590365047,186.6758328368143
Viet Nam,fdi_inflows,10,4.632372287215495,0.33247938815131595,4.23450755062236,4.689718414437619,5.01148721749681
Viet Nam,internet_use,10,67.997950804316,12.353601220547484,45.0,70.07396440189825,84.15
