country_code,country,year,real_gdp_growth,gni_per_capita_growth,real_gdp_growth_percentile,gni_per_capita_growth_percentile,growth_score
BGD,Bangladesh,2015,6.55263987816197,,0.58,,
BGD,Bangladesh,2016,7.11347821270093,,0.78,,
BGD,Bangladesh,2017,6.59024999794057,4.44285590008013,0.6,0.5106382978723404,0.5553191489361702
BGD,Bangladesh,2018,7.31941263014136,7.00411811188155,0.82,0.8723404255319149,0.8461702127659574
BGD,Bangladesh,2019,7.88191515117722,7.07256321868699,0.9,0.8936170212765957,0.8968085106382979
BGD,Bangladesh,2020,3.44801755122445,2.62891386739406,0.14,0.2127659574468085,0.17638297872340425
BGD,Bangladesh,2021,6.93867912442445,7.21586975378156,0.66,0.9361702127659575,0.7980851063829788
BGD,Bangladesh,2022,7.09982877575158,4.69740894449264,0.76,0.574468085106383,0.6672340425531915
BGD,Bangladesh,2023,5.77511237007889,4.52039142457024,0.52,0.5319148936170213,0.5259574468085106
BGD,Bangladesh,2024,4.22325911250161,3.27694933196831,0.22,0.2978723404255319,0.25893617021276594
IDN,Indonesia,2015,4.87632230022123,4.01938483554029,0.3,0.425531914893617,0.3627659574468085
IDN,Indonesia,2016,5.03306918280177,4.38391886596452,0.38,0.48936170212765956,0.4346808510638298
IDN,Indonesia,2017,5.06978590134916,4.03571903706165,0.42,0.44680851063829785,0.43340425531914895
IDN,Indonesia,2018,5.17429153955024,3.27823048197477,0.48,0.3191489361702128,0.3995744680851064
IDN,Indonesia,2019,5.01928768046282,3.2608395045981,0.34,0.2765957446808511,0.30829787234042555
IDN,Indonesia,2020,-2.06551182934165,-2.11731454710088,0.06,0.06382978723404255,0.06191489361702127
IDN,Indonesia,2021,3.70288562827751,4.53641079815503,0.18,0.5531914893617021,0.3665957446808511
IDN,Indonesia,2022,5.30719722664799,4.95859305301028,0.5,0.5957446808510638,0.5478723404255319
IDN,Indonesia,2023,5.04883117855516,2.20494322070553,0.4,0.14893617021276595,0.274468085106383
IDN,Indonesia,2024,5.03257477088519,4.05231755686373,0.36,0.46808510638297873,0.41404255319148936
IND,India,2015,7.99625378567987,6.71314742205232,0.92,0.8085106382978723,0.8642553191489362
IND,India,2016,8.25630550176662,6.98702602483048,0.94,0.851063829787234,0.8955319148936169
IND,India,2017,6.79538341902422,5.63035111633907,0.64,0.6382978723404256,0.6391489361702127
IND,India,2018,6.45385134495295,5.3139030504409,0.56,0.6170212765957447,0.5885106382978724
IND,India,2019,3.87143694070524,2.91546267733341,0.2,0.2553191489361702,0.2276595744680851
IND,India,2020,-5.77772470687303,-7.15381929218158,0.02,0.02127659574468085,0.020638297872340425
IND,India,2021,9.68959249191741,8.98521065115952,1.0,1.0,1.0
IND,India,2022,7.6093649776932,6.64961302635983,0.88,0.7659574468085106,0.8229787234042554
IND,India,2023,7.210224629335,6.25718242953866,0.8,0.7021276595744681,0.7510638297872341
IND,India,2024,7.09927893176518,6.1813254146407,0.74,0.6808510638297872,0.7104255319148935
MYS,Malaysia,2015,5.09153242155011,,0.44,,
MYS,Malaysia,2016,4.44978139761541,3.95277620305521,0.26,0.3829787234042553,0.32148936170212766
MYS,Malaysia,2017,5.81272240983328,3.9625700815881,0.54,0.40425531914893614,0.4721276595744681
MYS,Malaysia,2018,4.84308697634881,2.40393798600063,0.28,0.1702127659574468,0.22510638297872343
MYS,Malaysia,2019,4.41318742129586,3.35801984654114,0.24,0.3404255319148936,0.2902127659574468
MYS,Malaysia,2020,-5.45684658426701,-6.22516208039252,0.04,0.0425531914893617,0.04127659574468085
MYS,Malaysia,2021,3.31534954399166,1.63987962263275,0.12,0.10638297872340426,0.11319148936170212
MYS,Malaysia,2022,9.03173723044451,7.20336099140685,0.98,0.9148936170212766,0.9474468085106382
MYS,Malaysia,2023,3.5370638041057,2.51477535855726,0.16,0.19148936170212766,0.17574468085106382
MYS,Malaysia,2024,5.10545921024041,3.39735172022296,0.46,0.3617021276595745,0.41085106382978726
VNM,Vietnam,2015,6.98715430598611,2.89642457502597,0.7,0.23404255319148937,0.46702127659574466
VNM,Vietnam,2016,6.69000892660424,7.24577924197906,0.62,0.9574468085106383,0.7887234042553192
VNM,Vietnam,2017,6.94019037359206,5.94574388496332,0.68,0.6595744680851063,0.6697872340425532
VNM,Vietnam,2018,7.46500685572751,6.88748469703995,0.86,0.8297872340425532,0.8448936170212766
VNM,Vietnam,2019,7.35926270105006,6.65524756827294,0.84,0.7872340425531915,0.8136170212765957
VNM,Vietnam,2020,2.86541320912272,1.92680224599762,0.1,0.1276595744680851,0.11382978723404255
VNM,Vietnam,2021,2.55372852648131,-2.00948914025749,0.08,0.0851063829787234,0.0825531914893617
VNM,Vietnam,2022,8.53750041218142,8.20466760708025,0.96,0.9787234042553191,0.9693617021276595
VNM,Vietnam,2023,4.97865959483225,6.50321793222875,0.32,0.7446808510638298,0.5323404255319149
VNM,Vietnam,2024,7.03955197123018,6.49866645738742,0.72,0.723404255319149,0.7217021276595745
