country,country_code,year,tfp_growth,productivity_p2_score
Bangladesh,BGD,2016,2.057546001058408,0.7
Bangladesh,BGD,2017,-1.3670915045251195,0.175
Bangladesh,BGD,2018,1.338693638054922,0.65
Bangladesh,BGD,2019,-0.5469357988293733,0.3
Bangladesh,BGD,2020,-2.7829739052765534,0.1
Bangladesh,BGD,2021,0.3563051353562496,0.375
Bangladesh,BGD,2022,0.5032693774626562,0.425
Bangladesh,BGD,2023,-0.8936676555227674,0.225
Indonesia,IDN,2016,-0.3726252412820874,0.325
Indonesia,IDN,2017,0.4397759398353074,0.4
Indonesia,IDN,2018,1.0955862555187323,0.525
Indonesia,IDN,2019,-1.7975588481332072,0.15
Indonesia,IDN,2020,-6.477476482821764,0.05
Indonesia,IDN,2021,5.267987395695162,0.925
Indonesia,IDN,2022,1.211634086072633,0.6
Indonesia,IDN,2023,0.3147127114258463,0.35
India,IND,2016,4.32086719182081,0.875
India,IND,2017,2.9842805715130094,0.75
India,IND,2018,2.585800606415356,0.725
India,IND,2019,0.5039061775208298,0.45
India,IND,2020,-8.738745918390533,0.025
India,IND,2021,6.779003820068574,1.0
India,IND,2022,5.136320614282219,0.9
India,IND,2023,5.865249907415127,0.95
Malaysia,MYS,2016,1.1802913199276732,0.575
Malaysia,MYS,2017,1.6662460652865807,0.675
Malaysia,MYS,2018,1.3329652928155022,0.625
Malaysia,MYS,2019,-0.5848863945495553,0.275
Malaysia,MYS,2020,-5.770008680690419,0.075
Malaysia,MYS,2021,3.2146324236806745,0.775
Malaysia,MYS,2022,6.412426888577438,0.975
Malaysia,MYS,2023,-2.42938440329632,0.125
Vietnam,VNM,2016,0.9818062943557138,0.475
Vietnam,VNM,2017,3.592619558425958,0.85
Vietnam,VNM,2018,3.3040578438530366,0.8
Vietnam,VNM,2019,0.9890947709044972,0.5
Vietnam,VNM,2020,-0.915045811900994,0.2
Vietnam,VNM,2021,1.1352714105535178,0.55
Vietnam,VNM,2022,3.3316904818890825,0.825
Vietnam,VNM,2023,-0.5982119674394215,0.25
