country,country_code,year,productivity_p1_score,productivity_p2_score,productivity_score,productivity_geometric
Bangladesh,BGD,2016,0.025,0.7,0.3625,0.1322875655532295
Bangladesh,BGD,2017,0.05,0.175,0.11249999999999999,0.09354143466934853
Bangladesh,BGD,2018,0.075,0.65,0.3625,0.22079402165819617
Bangladesh,BGD,2019,0.125,0.3,0.2125,0.19364916731037085
Bangladesh,BGD,2020,0.15,0.1,0.125,0.1224744871391589
Bangladesh,BGD,2021,0.2,0.375,0.2875,0.2738612787525831
Bangladesh,BGD,2022,0.225,0.425,0.325,0.30923292192132457
Bangladesh,BGD,2023,0.3,0.225,0.2625,0.2598076211353316
Indonesia,IDN,2016,0.6,0.325,0.4625,0.44158804331639234
Indonesia,IDN,2017,0.65,0.4,0.525,0.5099019513592785
Indonesia,IDN,2018,0.675,0.525,0.6000000000000001,0.595294044989533
Indonesia,IDN,2019,0.725,0.15,0.4375,0.32977264895682296
Indonesia,IDN,2020,0.7,0.05,0.375,0.18708286933869706
Indonesia,IDN,2021,0.75,0.925,0.8375,0.8329165624478841
Indonesia,IDN,2022,0.775,0.6,0.6875,0.6819090848492928
Indonesia,IDN,2023,0.8,0.35,0.575,0.529150262212918
India,IND,2016,0.275,0.875,0.575,0.4905354217587146
India,IND,2017,0.325,0.75,0.5375,0.4937104414532875
India,IND,2018,0.4,0.725,0.5625,0.5385164807134504
India,IND,2019,0.475,0.45,0.4625,0.46233105022267323
India,IND,2020,0.375,0.025,0.2,0.09682458365518543
India,IND,2021,0.425,1.0,0.7125,0.6519202405202649
India,IND,2022,0.5,0.9,0.7,0.6708203932499369
India,IND,2023,0.55,0.95,0.75,0.722841614740048
Malaysia,MYS,2016,0.825,0.575,0.7,0.6887488656977955
Malaysia,MYS,2017,0.9,0.675,0.7875000000000001,0.7794228634059948
Malaysia,MYS,2018,0.925,0.625,0.775,0.7603453162872774
Malaysia,MYS,2019,0.95,0.275,0.6125,0.5111262075065218
Malaysia,MYS,2020,0.85,0.075,0.46249999999999997,0.25248762345905196
Malaysia,MYS,2021,0.875,0.775,0.825,0.8234834546000301
Malaysia,MYS,2022,0.975,0.975,0.975,0.975
Malaysia,MYS,2023,1.0,0.125,0.5625,0.3535533905932738
Vietnam,VNM,2016,0.1,0.475,0.2875,0.21794494717703367
Vietnam,VNM,2017,0.175,0.85,0.5125,0.3856812155135378
Vietnam,VNM,2018,0.25,0.8,0.525,0.4472135954999579
Vietnam,VNM,2019,0.35,0.5,0.425,0.4183300132670378
Vietnam,VNM,2020,0.45,0.2,0.325,0.30000000000000004
Vietnam,VNM,2021,0.525,0.55,0.5375000000000001,0.537354631505117
Vietnam,VNM,2022,0.575,0.825,0.7,0.6887488656977955
Vietnam,VNM,2023,0.625,0.25,0.4375,0.39528470752104744
