country,year,fx_reserves_months,government_debt_gdp,current_account_gdp,R1_fx_reserves_score,R2_debt_score,R3_current_account_score,resilience_score,resilience_score_100
Bangladesh,2015,6.8309139901541,28.206,1.32188871858147,0.4494280272604351,0.9845656090263963,1.0,0.8113312120956104,81.13312120956104
Bangladesh,2016,7.60387702099135,27.72,0.351171861174517,0.5191777234164809,0.9777044045043053,1.0,0.8322940426402621,83.22940426402621
Bangladesh,2017,6.76886499116675,28.306,-2.03756600416726,0.4438289252937259,0.9859833413830704,1.0,0.8099374222255987,80.99374222255987
Bangladesh,2018,5.67626909607111,29.553,-2.20783912081882,0.3452365881909832,1.0,1.0,0.7817455293969943,78.17455293969942
Bangladesh,2019,5.85933450460047,31.951,-0.839485005371136,0.36175582146889884,1.0,1.0,0.7872519404896329,78.72519404896329
Bangladesh,2020,8.65813724626272,34.509,0.318940441964321,0.6143107730559086,1.0,1.0,0.8714369243519696,87.14369243519697
Bangladesh,2021,6.29023985723134,35.614,-3.78969259910935,0.4006393336408351,1.0,0.8610043306375472,0.7538812214261275,75.38812214261274
Bangladesh,2022,4.18907976493715,37.863,-3.81010813041237,0.2110374094013475,1.0,0.859075300381859,0.6900375699277355,69.00375699277355
Bangladesh,2023,3.3558121828929,39.726,-1.64602823544154,0.13584602463186451,1.0,1.0,0.7119486748772882,71.19486748772881
Bangladesh,2024,3.07374348965567,40.972,-0.669466607987832,0.11039305357952428,1.0,1.0,0.7034643511931747,70.34643511931748
India,2015,8.00309182929653,69.755,-1.06754907167965,0.5552015828630569,1.0,1.0,0.8517338609543522,85.17338609543522
India,2016,8.43013905768235,69.815,-0.52788060603752,0.593736950320319,1.0,1.0,0.8645789834401064,86.45789834401064
India,2017,8.16271866943629,70.776,-1.43948820320989,0.5696057951654719,1.0,1.0,0.8565352650551573,85.65352650551573
India,2018,6.90105548512364,71.683,-2.42697545810527,0.45575737001924344,1.0,1.0,0.8185857900064145,81.85857900064146
India,2019,8.27365940048396,76.665,-1.04961203910072,0.5796167296774665,1.0,1.0,0.8598722432258222,85.98722432258222
India,2020,12.9323281065786,90.562,1.22362111042791,1.0,0.8281574767744068,1.0,0.9427191589248022,94.27191589248022
India,2021,9.84238574452328,85.713,-1.05524166809383,0.7211735460884776,0.8880043378733559,1.0,0.8697259613206111,86.97259613206111
India,2022,7.00951210544359,84.598,-2.43238270956779,0.46554414637416713,0.9023663606682544,0.9994654611101511,0.7891253227175242,78.91253227175243
India,2023,7.97237314389747,85.01,-0.912777939495827,0.5524296275593514,0.8970326369379242,1.0,0.8164874214990919,81.6487421499092
India,2024,7.52136088188696,84.782,-0.851289719084462,0.511731732598179,0.8999804014372945,1.0,0.8039040446784912,80.39040446784912
Indonesia,2015,6.44616105766404,27.013,-2.03504192745969,0.4147091609425197,0.9678084685560608,1.0,0.7941725431661935,79.41725431661935
Indonesia,2016,7.22588805609531,27.955,-1.81915089251384,0.4850692157647248,0.9810160741774511,1.0,0.8220284299807252,82.20284299807253
Indonesia,2017,7.08716242011101,29.396,-1.59465689989364,0.47255106085571397,1.0,1.0,0.8241836869519047,82.41836869519047
Indonesia,2018,5.59560758848402,30.423,-2.93907291477017,0.3379579533517541,1.0,0.9453478912647159,0.76110194820549,76.110194820549
Indonesia,2019,6.31777434419502,30.563,-2.7056619813955,0.4031239571259313,1.0,0.9699036409133872,0.7910091993464395,79.10091993464395
Indonesia,2020,8.40697484639797,39.747,-0.418606247736126,0.5916466864469875,1.0,1.0,0.8638822288156626,86.38822288156625
Indonesia,2021,6.78517585393017,41.14,0.295885914526078,0.4453007650537195,1.0,1.0,0.8151002550179065,81.51002550179065
Indonesia,2022,5.21322077470096,40.141,1.00182875104005,0.3034525979707117,1.0,1.0,0.7678175326569039,76.78175326569038
Indonesia,2023,5.72806559441344,39.601,-0.148899596516736,0.3499105374966976,1.0,1.0,0.7833035124988991,78.3303512498899
Indonesia,2024,5.72012468838059,40.165,-0.614730078804115,0.34919397569374167,1.0,1.0,0.7830646585645805,78.30646585645805
Malaysia,2015,5.50777041074817,56.971,3.00891850128321,0.33003180913287217,1.0,1.0,0.7766772697109574,77.66772697109575
Malaysia,2016,5.64270997827513,55.787,2.36768591329055,0.3422083214095834,1.0,1.0,0.7807361071365279,78.07361071365278
Malaysia,2017,5.50760741130421,54.395,2.807870911226,0.3300171005876556,1.0,1.0,0.7766723668625518,77.66723668625518
Malaysia,2018,4.91023691554348,55.646,2.23708206947011,0.27611230966024786,1.0,1.0,0.7587041032200826,75.87041032200827
Malaysia,2019,5.26575125943776,57.083,3.50388669683419,0.30819277984636095,1.0,1.0,0.7693975932821203,76.93975932821203
Malaysia,2020,6.26880997379088,67.693,4.18956779359845,0.39870556993028283,1.0,0.9667263967864418,0.7884773222389082,78.84773222389082
Malaysia,2021,5.18620609619313,69.162,3.87747951420626,0.30101488032769147,1.0,1.0,0.7670049601092305,76.70049601092305
Malaysia,2022,4.32861908087948,65.464,3.1234711057235,0.2236289881709786,1.0,1.0,0.7412096627236595,74.12096627236595
Malaysia,2023,4.77774044018093,69.712,1.56447203150546,0.2641562541574708,1.0,1.0,0.7547187513858237,75.47187513858236
Malaysia,2024,4.45057833503037,69.839,1.69342393177115,0.23463419874518734,1.0,1.0,0.7448780662483957,74.48780662483956
Viet Nam,2015,1.8503725793752,46.117,-0.853052854546214,0.0,1.0,1.0,0.6666666666666666,66.66666666666666
Viet Nam,2016,2.22398532927413,47.88,0.243099852637275,0.03371361209506799,1.0,1.0,0.6779045373650227,67.79045373650227
Viet Nam,2017,2.46290138784708,46.621,-0.586095207209378,0.055272628280115046,1.0,1.0,0.6850908760933717,68.50908760933717
Viet Nam,2018,2.52957991101101,43.798,1.90236367538642,0.06128948360860391,1.0,1.0,0.6870964945362014,68.70964945362013
Viet Nam,2019,3.36679352940087,40.993,3.91824395534243,0.1368369459977745,1.0,0.9959773845372735,0.7109381101783493,71.09381101783492
Viet Nam,2020,3.9782956088746,41.319,4.34486906553373,0.19201692555757754,1.0,0.9503718382346488,0.7141295879307421,71.41295879307421
Viet Nam,2021,3.68607429495755,39.237,-1.26284279203588,0.1656478146908428,1.0,1.0,0.7218826048969476,72.18826048969476
Viet Nam,2022,2.65055544761863,34.923,0.339101746979362,0.07220592667775858,1.0,1.0,0.6907353088925863,69.07353088925862
Viet Nam,2023,3.01759407672039,34.257,5.94575853346696,0.10532631127060167,1.0,0.7970929886156572,0.634139766628753,63.41397666287531
Viet Nam,2024,2.37407817485002,31.163,6.33496605552948,0.047257507412771634,1.0,0.7637274617642383,0.6036616563923367,60.36616563923367
