country,indicator,indicator_name,count,mean,std,min,median,max
Bangladesh,BN.CAB.XOKA.GD.ZS,Current Account Balance / GDP,10,-1.3008184681588,1.726216155067472,-3.81010813041237,-1.242756620406338,1.32188871858147
Bangladesh,FI.RES.TOTL.MO,FX Reserves / Import Cover,10,5.8306272143963565,1.8158493964652243,3.07374348965567,6.074787180915905,8.65813724626272
Bangladesh,GGXWDG_NGDP,Government Gross Debt / GDP,10,33.44199999999999,5.00526109875066,27.72,33.230000000000004,40.972
India,BN.CAB.XOKA.GD.ZS,Current Account Balance / GDP,10,-1.053957630394705,1.0251937855012299,-2.43238270956779,-1.052426853597275,1.22362111042791
India,FI.RES.TOTL.MO,FX Reserves / Import Cover,10,8.504862442435268,1.7599995230607053,6.90105548512364,8.082905249366409,12.9323281065786
India,GGXWDG_NGDP,Government Gross Debt / GDP,10,78.9359,8.000357581591796,69.755,80.6315,90.562
Indonesia,BN.CAB.XOKA.GD.ZS,Current Account Balance / GDP,10,-1.097810587352369,1.3151686167604661,-2.93907291477017,-1.1046934893488776,1.00182875104005
Indonesia,FI.RES.TOTL.MO,FX Reserves / Import Cover,10,6.452615522437253,0.9592252707905542,5.21322077470096,6.38196770092953,8.40697484639797
Indonesia,GGXWDG_NGDP,Government Gross Debt / GDP,10,34.6144,5.948743568556679,27.013,35.082,41.14
Malaysia,BN.CAB.XOKA.GD.ZS,Current Account Balance / GDP,10,2.837385846890888,0.880435163395627,1.56447203150546,2.908394706254605,4.18956779359845
Malaysia,FI.RES.TOTL.MO,FX Reserves / Import Cover,10,5.1846029901383535,0.5881267786643755,4.32861908087948,5.225978677815445,6.26880997379088
Malaysia,GGXWDG_NGDP,Government Gross Debt / GDP,10,62.1752,6.688299431760579,54.395,61.2735,69.839
Viet Nam,BN.CAB.XOKA.GD.ZS,Current Account Balance / GDP,10,2.0326412031084184,2.8840001833106284,-1.26284279203588,1.120732711182891,6.33496605552948
Viet Nam,FI.RES.TOTL.MO,FX Reserves / Import Cover,10,2.814023033992948,0.6802152064328403,1.8503725793752,2.59006767931482,3.9782956088746
Viet Nam,GGXWDG_NGDP,Government Gross Debt / GDP,10,40.63080000000001,5.715028663289645,31.163,41.156000000000006,47.88
