indicator,indicator_name,percentile,value
BN.CAB.XOKA.GD.ZS,Current Account Balance / GDP,1.0,-3.8001045200738903
BN.CAB.XOKA.GD.ZS,Current Account Balance / GDP,5.0,-2.8340379947515686
BN.CAB.XOKA.GD.ZS,Current Account Balance / GDP,10.0,-2.4275161832515217
BN.CAB.XOKA.GD.ZS,Current Account Balance / GDP,25.0,-1.3953268504163874
BN.CAB.XOKA.GD.ZS,Current Account Balance / GDP,50.0,-0.47324342688682297
BN.CAB.XOKA.GD.ZS,Current Account Balance / GDP,75.0,1.8501287394826025
BN.CAB.XOKA.GD.ZS,Current Account Balance / GDP,90.0,3.881555958319877
BN.CAB.XOKA.GD.ZS,Current Account Balance / GDP,95.0,4.274983493162853
BN.CAB.XOKA.GD.ZS,Current Account Balance / GDP,99.0,6.144254369718845
FI.RES.TOTL.MO,FX Reserves / Import Cover,1.0,2.033442826825676
FI.RES.TOTL.MO,FX Reserves / Import Cover,5.0,2.414048620698697
FI.RES.TOTL.MO,FX Reserves / Import Cover,10.0,2.638457893957868
FI.RES.TOTL.MO,FX Reserves / Import Cover,25.0,4.223964593922732
FI.RES.TOTL.MO,FX Reserves / Import Cover,50.0,5.69819689222585
FI.RES.TOTL.MO,FX Reserves / Import Cover,75.0,7.067749841444155
FI.RES.TOTL.MO,FX Reserves / Import Cover,90.0,8.286990945075361
FI.RES.TOTL.MO,FX Reserves / Import Cover,95.0,8.555538061401553
FI.RES.TOTL.MO,FX Reserves / Import Cover,99.0,11.418256349171488
GGXWDG_NGDP,Government Gross Debt / GDP,1.0,27.35943
GGXWDG_NGDP,Government Gross Debt / GDP,5.0,28.06795
GGXWDG_NGDP,Government Gross Debt / GDP,10.0,29.287000000000003
GGXWDG_NGDP,Government Gross Debt / GDP,25.0,34.6125
GGXWDG_NGDP,Government Gross Debt / GDP,50.0,41.2295
GGXWDG_NGDP,Government Gross Debt / GDP,75.0,68.79475000000001
GGXWDG_NGDP,Government Gross Debt / GDP,90.0,77.45830000000002
GGXWDG_NGDP,Government Gross Debt / GDP,95.0,84.9074
GGXWDG_NGDP,Government Gross Debt / GDP,99.0,88.18598999999999
