country_code,country,year,eci_score,high_tech_exports_score,import_product_concentration_score,strategic_autonomy_arithmetic,strategic_autonomy_geometric
BGD,Bangladesh,2015,0.0,0.0,0.7972742006256281,0.26575806687520936,9.27262230326546e-09
BGD,Bangladesh,2016,0.0,0.0,0.822593030333055,0.274197676777685,9.369757302278822e-09
BGD,Bangladesh,2017,0.0,0.0,0.8356593865447495,0.27855312884824984,9.419107754531464e-09
BGD,Bangladesh,2018,0.0,0.0,0.8112517516171496,0.27041725053904986,9.32649687769601e-09
IDN,Indonesia,2015,0.0798423956398383,0.0362877386350128,0.9080241758552846,0.3413847700433786,0.1380480549413233
IDN,Indonesia,2016,0.0987851933241287,0.0167626412798206,1.0,0.37184927820131647,0.11830727059874782
IDN,Indonesia,2017,0.0868628962744444,0.0265708230763772,1.0,0.37114457311694055,0.13215383520283594
IDN,Indonesia,2018,0.1021860259068282,0.0214591322821211,0.9752579654347548,0.36630104120790136,0.1288371346450922
IDN,Indonesia,2019,0.1328285369338549,0.0188098849006536,1.0,0.3838794739448362,0.1356935409789521
IDN,Indonesia,2020,0.0644944146777744,0.0260980672246526,1.0,0.36353082730080905,0.11895338828094902
IDN,Indonesia,2021,0.0775219797495499,0.0,1.0,0.35917399324984994,4.263912511052078e-05
IDN,Indonesia,2022,0.0345656733753643,0.0235447102739849,0.8902160681679854,0.31610881727244483,0.08981411616091424
IDN,Indonesia,2023,0.084169094290286,0.0405203771910528,0.9448435222013052,0.35651099789421464,0.14770504901301088
IDN,Indonesia,2024,0.0,0.0323699958157578,0.9533362114113434,0.32856873574236706,3.136627248434478e-05
IND,India,2015,0.5191743938491766,0.0173357180649045,0.1359237214964119,0.22414461113683104,0.10695065586478028
IND,India,2016,0.5304165397860379,0.0094160400445839,0.3044062902518084,0.2814129566941434,0.11498635988765879
IND,India,2017,0.5317696792833982,0.0028181530278745,0.2144191708304434,0.2496690010472387,0.06849369334056431
IND,India,2018,0.6005488919347912,0.0396082714305594,0.0,0.21338572112178356,2.8759285124579888e-05
IND,India,2019,0.6074634920167836,0.0655087587641057,0.0608695806026979,0.24461394379452905,0.1342991572745826
IND,India,2020,0.6043877548759623,0.0832277407385171,0.3826451895992867,0.35675356173792205,0.2679949889097615
IND,India,2021,0.6076841502591388,0.0652638369003858,0.1241401152174836,0.2656960341256694,0.1701195474094277
IND,India,2022,0.6521850514933798,0.1193682063406362,0.0,0.25718441927800534,4.2699209619043354e-05
IND,India,2023,0.6315083857795443,0.1687044542533458,0.0891077722260755,0.2964402040863218,0.21174203650721812
IND,India,2024,0.6127911626905365,0.2484034776017691,0.020573539611318,0.29392272663454116,0.14630518829309744
MYS,Malaysia,2015,0.9566272413072144,0.90370989498122,0.2995229939560361,0.7199533767481568,0.6373832551807774
MYS,Malaysia,2016,0.9476403278659542,0.9162689868666858,0.2972671233846198,0.7203921460390866,0.636704326067843
MYS,Malaysia,2017,0.9303144840011232,0.9615159192357008,0.1526613964811958,0.6814972665726732,0.5149580253272756
MYS,Malaysia,2018,1.0,1.0,0.1226627411569874,0.7075542470523292,0.4968640273472558
MYS,Malaysia,2019,1.0,0.971783909915474,0.1946825149683646,0.7221554749612795,0.574070923654363
MYS,Malaysia,2020,1.0,1.0,0.0670444733824964,0.6890148244608322,0.4062446562288732
MYS,Malaysia,2021,1.0,0.9736658646422124,0.0,0.6578886215474041,9.911437533163928e-05
MYS,Malaysia,2022,1.0,1.0,0.0,0.6666666666666666,0.00010000000000000009
MYS,Malaysia,2023,0.9431104798645168,1.0,0.0108777194298574,0.6513293997647914,0.21728686526812876
MYS,Malaysia,2024,0.8343784673846616,1.0,0.0,0.6114594891282206,9.41429268050684e-05
VNM,Viet Nam,2015,0.0371396216068252,0.6382777258232968,0.7522894874662063,0.47590227829877607,0.261262684858665
VNM,Viet Nam,2016,0.1035551339238797,0.6752536032950488,0.6565698028280654,0.47845951334899794,0.3580742985902004
VNM,Viet Nam,2017,0.2097030702285149,0.7558973533362691,0.5195898031111551,0.4950634088919797,0.4350869705062678
VNM,Viet Nam,2018,0.2109903973460874,0.7342537259127465,0.5822941584452718,0.5091794272347019,0.4484875870637211
VNM,Viet Nam,2019,0.2423614656658046,0.7273151040994771,0.4677490127248793,0.47914186083005367,0.4352442263531372
VNM,Viet Nam,2020,0.2991324285280828,0.7559405266512488,0.1524579258022051,0.4025102936605123,0.32546206642288367
VNM,Viet Nam,2021,0.4291572168822342,0.7515488261297848,0.2662157284604169,0.4823072571574787,0.4411664157461155
VNM,Viet Nam,2022,0.3322962455845983,0.7767319932532869,0.3055032626081048,0.4715105004819966,0.4288158475571185
VNM,Viet Nam,2023,0.4689981985635669,0.8110758741340227,0.3345730300499654,0.5382157009158517,0.5030075794085603
