country_code,country,year,G,P,C,R,A,JESI
BGD,Bangladesh,2017,0.5553191489361702,0.1124999999999999,0.1266666666666666,0.8099374222255987,0.2785531288482498,26.956011198937496
BGD,Bangladesh,2018,0.8461702127659574,0.3625,0.1866666666666666,0.7817455293969943,0.2704172505390498,41.97107993735582
IDN,Indonesia,2016,0.4346808510638297,0.4625,0.1733333333333333,0.8220284299807252,0.3718492782013164,40.75875059308947
IDN,Indonesia,2017,0.4334042553191489,0.525,0.3666666666666667,0.8241836869519047,0.3711445731169405,48.854999841512296
IDN,Indonesia,2018,0.3995744680851064,0.6000000000000001,0.4266666666666667,0.76110194820549,0.3663010412079013,50.3198561915945
IDN,Indonesia,2019,0.3082978723404255,0.4375,0.42,0.7910091993464395,0.3838794739448362,44.663630137858945
IDN,Indonesia,2020,0.0619148936170212,0.375,0.38,0.8638822288156626,0.363530827300809,30.845772928788218
IDN,Indonesia,2021,0.3665957446808511,0.8375,0.4533333333333333,0.8151002550179065,0.3591739932498499,55.005378419134324
IDN,Indonesia,2022,0.5478723404255319,0.6875,0.5533333333333333,0.7678175326569039,0.3161088172724448,57.23721760130632
IDN,Indonesia,2023,0.274468085106383,0.575,0.4733333333333333,0.7833035124988991,0.3565109978942146,47.23301887189403
IND,India,2016,0.8955319148936169,0.575,0.3,0.8645789834401064,0.2814129566941434,53.76751611144235
IND,India,2017,0.6391489361702127,0.5375,0.2599999999999999,0.8565352650551573,0.2496690010472387,47.08292594542546
IND,India,2018,0.5885106382978724,0.5625,0.3266666666666666,0.8185857900064145,0.2133857211217835,47.455887845834525
IND,India,2019,0.2276595744680851,0.4625,0.3133333333333333,0.8598722432258222,0.244613943794529,38.20281852616253
IND,India,2020,0.0206382978723404,0.2,0.4266666666666667,0.9427191589248022,0.356753561737922,21.975650096756226
IND,India,2021,1.0,0.7125,0.4133333333333333,0.8697259613206111,0.2656960341256694,61.374865140599965
IND,India,2022,0.8229787234042554,0.7,0.4866666666666666,0.7891253227175242,0.2571844192780053,59.260381894745116
IND,India,2023,0.7510638297872341,0.75,0.4533333333333333,0.8164874214990919,0.2964402040863218,60.029493819622495
MYS,Malaysia,2016,0.3214893617021276,0.7,0.7799999999999999,0.7807361071365279,0.7203921460390866,62.84387414450882
MYS,Malaysia,2017,0.472127659574468,0.7875000000000001,0.7599999999999999,0.7766723668625518,0.6814972665726732,68.88179190412487
MYS,Malaysia,2018,0.2251063829787234,0.775,0.7266666666666667,0.7587041032200826,0.7075542470523292,58.68788832348055
MYS,Malaysia,2019,0.2902127659574468,0.6125,0.7400000000000001,0.7693975932821203,0.7221554749612795,58.77477031151861
MYS,Malaysia,2020,0.0412765957446808,0.4624999999999999,0.6,0.7884773222389082,0.6890148244608322,35.492867273873244
MYS,Malaysia,2021,0.113191489361702,0.825,0.9,0.7670049601092305,0.6578886215474041,53.75356032146617
MYS,Malaysia,2022,0.9474468085106382,0.975,0.8466666666666667,0.7412096627236595,0.6666666666666666,84.27119246065429
MYS,Malaysia,2023,0.1757446808510638,0.5625,0.7466666666666667,0.7547187513858237,0.6513293997647914,51.13986210548867
VNM,Vietnam,2016,0.7887234042553192,0.2875,0.7333333333333334,0.6779045373650227,0.4784595133489979,54.36447274529838
VNM,Vietnam,2017,0.6697872340425532,0.5125,0.7933333333333333,0.6850908760933717,0.4950634088919797,62.20864502029513
VNM,Vietnam,2018,0.8448936170212766,0.525,0.8466666666666667,0.6870964945362014,0.5091794272347019,66.73857015638528
VNM,Vietnam,2019,0.8136170212765957,0.425,0.82,0.7109381101783493,0.4791418608300536,62.28450029606514
VNM,Vietnam,2020,0.1138297872340425,0.325,0.82,0.7141295879307421,0.4025102936605123,38.322757380865546
VNM,Vietnam,2021,0.0825531914893617,0.5375000000000001,0.86,0.7218826048969476,0.4823072571574787,42.36751245428034
VNM,Vietnam,2022,0.9693617021276596,0.7,0.8733333333333334,0.6907353088925863,0.4715105004819966,73.39960546219594
VNM,Vietnam,2023,0.5323404255319149,0.4375,0.84,0.634139766628753,0.5382157009158517,57.59949995714157
