country,year,value,indicator
Bangladesh,2025,3.48990671836833,NY.GDP.MKTP.KD.ZG
Bangladesh,2024,4.22325911250161,NY.GDP.MKTP.KD.ZG
Bangladesh,2023,5.77511237007889,NY.GDP.MKTP.KD.ZG
Bangladesh,2022,7.09982877575158,NY.GDP.MKTP.KD.ZG
Bangladesh,2021,6.93867912442445,NY.GDP.MKTP.KD.ZG
Bangladesh,2020,3.44801755122445,NY.GDP.MKTP.KD.ZG
Bangladesh,2019,7.88191515117722,NY.GDP.MKTP.KD.ZG
Bangladesh,2018,7.31941263014136,NY.GDP.MKTP.KD.ZG
Bangladesh,2017,6.59024999794057,NY.GDP.MKTP.KD.ZG
Bangladesh,2016,7.11347821270093,NY.GDP.MKTP.KD.ZG
Bangladesh,2015,6.55263987816197,NY.GDP.MKTP.KD.ZG
Bangladesh,2025,3.39931183441252,NY.GNP.PCAP.KD.ZG
Bangladesh,2024,3.27694933196831,NY.GNP.PCAP.KD.ZG
Bangladesh,2023,4.52039142457024,NY.GNP.PCAP.KD.ZG
Bangladesh,2022,4.69740894449264,NY.GNP.PCAP.KD.ZG
Bangladesh,2021,7.21586975378156,NY.GNP.PCAP.KD.ZG
Bangladesh,2020,2.62891386739406,NY.GNP.PCAP.KD.ZG
Bangladesh,2019,7.07256321868699,NY.GNP.PCAP.KD.ZG
Bangladesh,2018,7.00411811188155,NY.GNP.PCAP.KD.ZG
Bangladesh,2017,4.44285590008013,NY.GNP.PCAP.KD.ZG
Bangladesh,2016,,NY.GNP.PCAP.KD.ZG
Bangladesh,2015,,NY.GNP.PCAP.KD.ZG
India,2025,7.56666179284244,NY.GDP.MKTP.KD.ZG
India,2024,7.09927893176518,NY.GDP.MKTP.KD.ZG
India,2023,7.210224629335,NY.GDP.MKTP.KD.ZG
India,2022,7.6093649776932,NY.GDP.MKTP.KD.ZG
India,2021,9.68959249191741,NY.GDP.MKTP.KD.ZG
India,2020,-5.77772470687303,NY.GDP.MKTP.KD.ZG
India,2019,3.87143694070524,NY.GDP.MKTP.KD.ZG
India,2018,6.45385134495295,NY.GDP.MKTP.KD.ZG
India,2017,6.79538341902422,NY.GDP.MKTP.KD.ZG
India,2016,8.25630550176662,NY.GDP.MKTP.KD.ZG
India,2015,7.99625378567987,NY.GDP.MKTP.KD.ZG
India,2025,6.63285584504814,NY.GNP.PCAP.KD.ZG
India,2024,6.1813254146407,NY.GNP.PCAP.KD.ZG
India,2023,6.25718242953866,NY.GNP.PCAP.KD.ZG
India,2022,6.64961302635983,NY.GNP.PCAP.KD.ZG
India,2021,8.98521065115952,NY.GNP.PCAP.KD.ZG
India,2020,-7.15381929218158,NY.GNP.PCAP.KD.ZG
India,2019,2.91546267733341,NY.GNP.PCAP.KD.ZG
India,2018,5.3139030504409,NY.GNP.PCAP.KD.ZG
India,2017,5.63035111633907,NY.GNP.PCAP.KD.ZG
India,2016,6.98702602483048,NY.GNP.PCAP.KD.ZG
India,2015,6.71314742205232,NY.GNP.PCAP.KD.ZG
Viet Nam,2025,8.01882998978245,NY.GDP.MKTP.KD.ZG
Viet Nam,2024,7.03955197123018,NY.GDP.MKTP.KD.ZG
Viet Nam,2023,4.97865959483225,NY.GDP.MKTP.KD.ZG
Viet Nam,2022,8.53750041218142,NY.GDP.MKTP.KD.ZG
Viet Nam,2021,2.55372852648131,NY.GDP.MKTP.KD.ZG
Viet Nam,2020,2.86541320912272,NY.GDP.MKTP.KD.ZG
Viet Nam,2019,7.35926270105006,NY.GDP.MKTP.KD.ZG
Viet Nam,2018,7.46500685572751,NY.GDP.MKTP.KD.ZG
Viet Nam,2017,6.94019037359206,NY.GDP.MKTP.KD.ZG
Viet Nam,2016,6.69000892660424,NY.GDP.MKTP.KD.ZG
Viet Nam,2015,6.98715430598611,NY.GDP.MKTP.KD.ZG
Viet Nam,2025,8.25490963257691,NY.GNP.PCAP.KD.ZG
Viet Nam,2024,6.49866645738742,NY.GNP.PCAP.KD.ZG
Viet Nam,2023,6.50321793222875,NY.GNP.PCAP.KD.ZG
Viet Nam,2022,8.20466760708025,NY.GNP.PCAP.KD.ZG
Viet Nam,2021,-2.00948914025749,NY.GNP.PCAP.KD.ZG
Viet Nam,2020,1.92680224599762,NY.GNP.PCAP.KD.ZG
Viet Nam,2019,6.65524756827294,NY.GNP.PCAP.KD.ZG
Viet Nam,2018,6.88748469703995,NY.GNP.PCAP.KD.ZG
Viet Nam,2017,5.94574388496332,NY.GNP.PCAP.KD.ZG
Viet Nam,2016,7.24577924197906,NY.GNP.PCAP.KD.ZG
Viet Nam,2015,2.89642457502597,NY.GNP.PCAP.KD.ZG
Indonesia,2025,5.10808904438025,NY.GDP.MKTP.KD.ZG
Indonesia,2024,5.03257477088519,NY.GDP.MKTP.KD.ZG
Indonesia,2023,5.04883117855516,NY.GDP.MKTP.KD.ZG
Indonesia,2022,5.30719722664799,NY.GDP.MKTP.KD.ZG
Indonesia,2021,3.70288562827751,NY.GDP.MKTP.KD.ZG
Indonesia,2020,-2.06551182934165,NY.GDP.MKTP.KD.ZG
Indonesia,2019,5.01928768046282,NY.GDP.MKTP.KD.ZG
Indonesia,2018,5.17429153955024,NY.GDP.MKTP.KD.ZG
Indonesia,2017,5.06978590134916,NY.GDP.MKTP.KD.ZG
Indonesia,2016,5.03306918280177,NY.GDP.MKTP.KD.ZG
Indonesia,2015,4.87632230022123,NY.GDP.MKTP.KD.ZG
Indonesia,2025,4.19434904439322,NY.GNP.PCAP.KD.ZG
Indonesia,2024,4.05231755686373,NY.GNP.PCAP.KD.ZG
Indonesia,2023,2.20494322070553,NY.GNP.PCAP.KD.ZG
Indonesia,2022,4.95859305301028,NY.GNP.PCAP.KD.ZG
Indonesia,2021,4.53641079815503,NY.GNP.PCAP.KD.ZG
Indonesia,2020,-2.11731454710088,NY.GNP.PCAP.KD.ZG
Indonesia,2019,3.2608395045981,NY.GNP.PCAP.KD.ZG
Indonesia,2018,3.27823048197477,NY.GNP.PCAP.KD.ZG
Indonesia,2017,4.03571903706165,NY.GNP.PCAP.KD.ZG
Indonesia,2016,4.38391886596452,NY.GNP.PCAP.KD.ZG
Indonesia,2015,4.01938483554029,NY.GNP.PCAP.KD.ZG
Malaysia,2025,5.17127082911057,NY.GDP.MKTP.KD.ZG
Malaysia,2024,5.10545921024041,NY.GDP.MKTP.KD.ZG
Malaysia,2023,3.5370638041057,NY.GDP.MKTP.KD.ZG
Malaysia,2022,9.03173723044451,NY.GDP.MKTP.KD.ZG
Malaysia,2021,3.31534954399166,NY.GDP.MKTP.KD.ZG
Malaysia,2020,-5.45684658426701,NY.GDP.MKTP.KD.ZG
Malaysia,2019,4.41318742129586,NY.GDP.MKTP.KD.ZG
Malaysia,2018,4.84308697634881,NY.GDP.MKTP.KD.ZG
Malaysia,2017,5.81272240983328,NY.GDP.MKTP.KD.ZG
Malaysia,2016,4.44978139761541,NY.GDP.MKTP.KD.ZG
Malaysia,2015,5.09153242155011,NY.GDP.MKTP.KD.ZG
Malaysia,2025,3.32480500945174,NY.GNP.PCAP.KD.ZG
Malaysia,2024,3.39735172022296,NY.GNP.PCAP.KD.ZG
Malaysia,2023,2.51477535855726,NY.GNP.PCAP.KD.ZG
Malaysia,2022,7.20336099140685,NY.GNP.PCAP.KD.ZG
Malaysia,2021,1.63987962263275,NY.GNP.PCAP.KD.ZG
Malaysia,2020,-6.22516208039252,NY.GNP.PCAP.KD.ZG
Malaysia,2019,3.35801984654114,NY.GNP.PCAP.KD.ZG
Malaysia,2018,2.40393798600063,NY.GNP.PCAP.KD.ZG
Malaysia,2017,3.9625700815881,NY.GNP.PCAP.KD.ZG
Malaysia,2016,3.95277620305521,NY.GNP.PCAP.KD.ZG
Malaysia,2015,,NY.GNP.PCAP.KD.ZG
